Codice unico,Famiglia Checklist,END,C,ESO,CULTON_FERAL,T,entità,ABR,BAS,CAL,CAM,EMR,FVG,LAZ,LIG,LOM,MAR,MOL,PIE,PUG,SAR,SIC,TAA,TOS,UMB,VDA,VEN,P,NC,EX,D,DD,NP,STATUS NAZ. ALIENE,Note,Taraxacum (sezioni),Rilevanza Unionale,Lista Rossa,Criteri Lista Rossa Italia,tipologia assessment,canonical_species
12613,Asteraceae,,,,,,Taraxacum sect. Erythrocarpa Hand.-Mazz.,(P),(P),(P),(P),,(D),(P),(P),(P),(P),,(P),(P),(P),(P),(P),,,(P),(P),,,,,,,,"Taraxacum apulicum Soest
Taraxacum aquilonare Hand.-Mazz.
Taraxacum calabricum Aquaro, Caparelli & Peruzzi 
Taraxacum capricum Soest
Taraxacum cescae Aquaro, Caparelli & Peruzzi 
Taraxacum garbarianum Peruzzi, Aquaro, Caparelli & Raimondo
Taraxacum kirschneri Aquaro, Caparelli & Peruzzi 
Taraxacum optimae Aquaro, Caparelli & Peruzzi 
Taraxacum pollinense Aquaro, Caparelli & Peruzzi 
Taraxacum pseudohoppeanum Kirschner & Štěpánek",,,,,,
6275,Asteraceae,,,,,,Taraxacum sect. Erythrosperma (H.Lindb.) Dahlst.,(P),P,(P),(P),(P),(P),(P),(P),(P),(P),P,(P),(P),(P),(P),(P),(P),(P),P,(P),,,,,,,,,,,,,,
12614,Asteraceae,,,,,,Taraxacum sect. Obovata Soest,(P),(P),(NP),(NC),(D),,(NC),(NC),,(D),,,(P),(P),(P),,(P),(D),,,,,,,,,,Taraxacum obovatum (Willd.) DC.,,,,,,
6266,Asteraceae,,,,,,Taraxacum sect. Palustria (H.Lindb.) Dahlst.,(P),(P),(P),(P),(P),(P),P,P,(P),(NC),P,P,P,P,(P),(P),(P),P,P,(P),,,,,,,,,,,,,,
12616,Asteraceae,,,,,,Taraxacum sect. Scariosa Hand.-Mazz.,(P),(P),(P),(P),(P),(D),(P),(D),(P),(D),(P),(NP),(P),(P),(P),(NP),(P),(D),,(P),,,,,,,,"Taraxacum caramanicae Lojac.
Taraxacum minimum (V.Brig.) N.Terracc. ",,,,,,
