normalized_name,accepted_candidates
damasonium alisma,Damasonium alisma | Damasonium bourgaei
achyranthes aspera,Achyranthes aspera | Achyranthes sicula
amaranthus blitum,Amaranthus blitum | Amaranthus emarginatus
amaranthus hybridus,Amaranthus bouchonii | Amaranthus hybridus
atriplex hortensis,Atriplex hortensis | Atriplex micrantha
atriplex patula,Atriplex littoralis | Atriplex patula
atriplex tatarica,Atriplex tatarica | Atriplex tornabenei
chenopodium album,Chenopodium album | Chenopodium bengalense | Chenopodium betaceum | Chenopodium pedunculare | Chenopodium quinoa | Dysphania ambrosioides
dysphania ambrosioides,Dysphania ambrosioides | Dysphania anthelmintica
halocnemum strobilaceum,Halocnemum cruciatum | Halocnemum strobilaceum
polycnemum arvense,Polycnemum arvense | Polycnemum majus
salsola kali,Salsola kali | Salsola tragus
allium ampeloprasum,Allium ampeloprasum | Allium hemisphaericum | Allium porrum
allium carinatum,Allium carinatum | Allium coloratum | Allium nebrodense
allium flavum,Allium flavum | Allium moly | Allium nebrodense
allium lehmannii,Allium castellanense | Allium lehmannii
allium pallens,Allium lehmannii | Allium pallens | Allium tenuiflorum
allium porrum,Allium ampeloprasum | Allium polyanthum | Allium porrum
galanthus nivalis,Galanthus elwesii | Galanthus nivalis | Galanthus reginae-olgae
narcissus tazetta,Narcissus papyraceus | Narcissus tazetta
sternbergia lutea,Sternbergia lutea | Sternbergia sicula
anethum foeniculum,Anethum foeniculum | Anethum piperitum
bunium alpinum,Bunium alpinum | Bunium corydalinum | Bunium macuca | Bunium petraeum
bunium bulbocastanum,Bunium bulbocastanum | Bunium macuca
bupleurum baldense,Bupleurum baldense | Bupleurum gussonei
bupleurum gerardi,Bupleurum affine | Bupleurum gerardi
bupleurum gracile,Bupleurum gracile | Bupleurum rollii
daucus muricatus,Daucus muricatus | Daucus pumilus
ferula communis,Ferula communis | Ferula glauca
heracleum pyrenaicum,Heracleum orsinii | Heracleum pyrenaicum | Heracleum sphondylium
heracleum sphondylium,Heracleum orsinii | Heracleum sibiricum | Heracleum sphondylium
pastinaca sativa,Pastinaca kochii | Pastinaca sativa
scandix pecten-veneris,Scandix macrorhyncha | Scandix pecten-veneris
seseli bocconei,Seseli bocconei | Seseli praecox
torilis arvensis,Torilis africana | Torilis arvensis | Torilis elongata
torilis japonica,Torilis japonica | Torilis ucranica
torilis nodosa,Torilis nemoralis | Torilis nodosa
hedera helix,Hedera canariensis | Hedera helix | Hedera hibernica
agave americana,Agave americana | Agave beaulueriana
bellevalia dubia,Bellevalia boissieri | Bellevalia dubia
muscari racemosum,Muscari neglectum | Muscari racemosum
ornithogalum exscapum,Ornithogalum corsicum | Ornithogalum exscapum
yucca gloriosa,Yucca gloriosa | Yucca recurvifolia
aloe perfoliata,Aloe arborescens | Aloe humilis | Aloe maculata | Aloe perfoliata | Aloe vera
asplenium fontanum,Asplenium fontanum | Asplenium obovatum
achillea millefolium,Achillea collina | Achillea distans | Achillea millefolium | Achillea setacea
achillea nobilis,Achillea ligustica | Achillea nobilis
adenostyles alliariae,Adenostyles alliariae | Adenostyles alpina
adenostyles alpina,Adenostyles alpina | Adenostyles australis
andryala rothia,Andryala cossyrensis | Andryala dentata | Andryala rothia
anthemis maritima,Anthemis maritima | Anthemis secundiramea
arctium minus,Arctium minus | Arctium nemorosum
artemisia vulgaris,Artemisia verlotiorum | Artemisia vulgaris
bellis perennis,Bellis perennis | Bellis sylvestris
bidens frondosa,Bidens frondosa | Bidens vulgata
bidens pilosa,Bidens bipinnata | Bidens pilosa
calendula officinalis,Calendula arvensis | Calendula officinalis
carduus pycnocephalus,Carduus pycnocephalus | Carduus sardous | Carduus tenuiflorus
carlina corymbosa,Carlina corymbosa | Carlina hispanica | Carlina involucrata
carlina involucrata,Carlina involucrata | Carlina sicula
carlina macrocephala,Carlina macrocephala | Carlina nebrodensis
carthamus lanatus,Carthamus creticus | Carthamus lanatus
centaurea aeolica,Centaurea aeolica | Centaurea pandataria
centaurea aplolepa,Centaurea aeolica | Centaurea aetaliae | Centaurea aplolepa | Centaurea pandataria
centaurea calcitrapa,Centaurea calcitrapa | Centaurea pallescens
centaurea cineraria,Centaurea busambarensis | Centaurea cineraria | Centaurea pandataria | Centaurea tyrrhena | Centaurea veneris
centaurea deusta,Centaurea deusta | Centaurea nobilis | Centaurea tenacissima
centaurea jacea,Centaurea decipiens | Centaurea jacea | Centaurea macroptilon | Centaurea nigra | Centaurea nigrescens
centaurea pallescens,Centaurea hyalolepis | Centaurea pallescens
centaurea panormitana,Centaurea panormitana | Centaurea seguenzae | Centaurea todaroi | Centaurea tyrrhena
centaurea parlatoris,Centaurea ambigua | Centaurea gussonei | Centaurea parlatoris | Centaurea tenorei | Centaurea virescens
centaurea sicula,Centaurea sicula | Centaurea solstitialis
centaurea todaroi,Centaurea seguenzae | Centaurea todaroi
cichorium intybus,Cichorium endivia | Cichorium intybus
crepis vesicaria,Crepis bivonana | Crepis hyemalis | Crepis taraxacifolia | Crepis vesicaria
crupina vulgaris,Crupina crupinastrum | Crupina vulgaris
echinops ritro,Echinops ritro | Echinops siculus
erigeron annuus,Erigeron annuus | Erigeron lilacinus
erigeron bonariensis,Erigeron bonariensis | Erigeron floribundus | Erigeron sumatrensis
filago germanica,Filago eriocephala | Filago germanica | Filago lutescens | Filago pyramidata
filago pyramidata,Filago eriocephala | Filago lutescens | Filago pyramidata
galinsoga parviflora,Galinsoga parviflora | Galinsoga quadriradiata
helichrysum italicum,Helichrysum italicum | Helichrysum litoreum
helichrysum saxatile,Helichrysum errerae | Helichrysum saxatile
hieracium bifidum,Hieracium bifidum | Hieracium hypochoeroides
hieracium hypochoeroides,Hieracium hypochoeroides | Hieracium pollinense
hieracium lucidum,Hieracium cophanense | Hieracium lucidum
hieracium murorum,Hieracium bifidum | Hieracium diaphanoides | Hieracium glaucinum | Hieracium hypochoeroides | Hieracium murorum | Hieracium tenuiflorum
hieracium pallidum,Hieracium glaucinum | Hieracium pallidum | Hieracium schmidtii
hieracium ramosissimum,Hieracium racemosum | Hieracium ramosissimum
hieracium schmidtii,Hieracium pallidum | Hieracium schmidtii
jacobaea aquatica,Jacobaea aquatica | Jacobaea erratica
lactuca viminea,Lactuca ramosissima | Lactuca viminea
leontodon crispus,Leontodon apulus | Leontodon crispus | Leontodon intermedius
leucanthemum vulgare,Leucanthemum coronopifolium | Leucanthemum glaucophyllum | Leucanthemum ircutianum | Leucanthemum pallens | Leucanthemum subglaucum | Leucanthemum vulgare
onopordum acanthium,Onopordum acanthium | Onopordum horridum
onopordum illyricum,Onopordum horridum | Onopordum illyricum
onopordum tauricum,Onopordum horridum | Onopordum tauricum
pilosella hoppeana,Pilosella hoppeana | Pilosella testimonialis
pilosella piloselloides,Pilosella bauhini | Pilosella piloselloides
reichardia picroides,Reichardia intermedia | Reichardia picroides
robertia taraxacoides,Hyoseris lucida | Robertia taraxacoides
scolymus hispanicus,Scolymus grandiflorus | Scolymus hispanicus
senecio gallicus,Senecio aethnensis | Senecio gallicus | Senecio glaucus | Senecio leucanthemifolius
senecio leucanthemifolius,Senecio leucanthemifolius | Senecio sardous | Senecio transiens
senecio squalidus,Senecio aethnensis | Senecio balansae | Senecio calabrus | Senecio rupestris | Senecio sardous | Senecio siculus | Senecio squalidus
sonchus arvensis,Sonchus arvensis | Sonchus maritimus
sonchus oleraceus,Sonchus asper | Sonchus oleraceus
tragopogon crocifolius,Tragopogon crocifolius | Tragopogon samaritanii
tragopogon porrifolius,Tragopogon cupanii | Tragopogon eriospermus | Tragopogon porrifolius
xanthium strumarium,Xanthium orientale | Xanthium strumarium
xeranthemum annuum,Xeranthemum annuum | Xeranthemum inapertum
berberis vulgaris,Berberis aetnensis | Berberis vulgaris
betula pendula,Betula etnensis | Betula pendula
anchusa undulata,Anchusa capellii | Anchusa crispa | Anchusa undulata
buglossoides arvensis,Buglossoides arvensis | Buglossoides incrassata
buglossoides incrassata,Buglossoides arvensis | Buglossoides incrassata
myosotis scorpioides,Myosotis arvensis | Myosotis scorpioides
onosma echioides,Onosma echioides | Onosma helvetica | Onosma pseudoarenaria | Onosma stellulata | Onosma tricerosperma | Onosma visianii
onosma stellulata,Onosma echioides | Onosma pseudoarenaria | Onosma stellulata
symphytum tuberosum,Symphytum bulbosum | Symphytum gussonei | Symphytum tuberosum
aethionema saxatile,Aethionema marginatum | Aethionema saxatile
aubrieta deltoidea,Aubrieta columnae | Aubrieta deltoidea
biscutella didyma,Biscutella didyma | Biscutella maritima
brassica macrocarpa,Brassica macrocarpa | Brassica villosa
brassica oleracea,Brassica montana | Brassica oleracea | Brassica villosa
brassica rapa,Brassica napus | Brassica rapa
brassica rupestris,Brassica rupestris | Brassica tardarae | Brassica villosa
camelina sativa,Camelina rumelica | Camelina sativa
cardamine flexuosa,Cardamine flexuosa | Cardamine occulta
draba aizoides,Draba aizoides | Draba turgida
nasturtium officinale,Nasturtium microphyllum | Nasturtium officinale
opuntia engelmannii,Opuntia engelmannii | Opuntia lindheimeri | Opuntia phaeacantha
opuntia phaeacantha,Opuntia engelmannii | Opuntia phaeacantha
opuntia robusta,Opuntia ficus-indica | Opuntia robusta
opuntia stricta,Opuntia stricta | Opuntia tuna
campanula rotundifolia,Campanula forsythii | Campanula rotundifolia | Campanula scheuchzeri
jasione montana,Jasione maritima | Jasione montana
solenopsis minuta,Solenopsis bivonae | Solenopsis corsica | Solenopsis minuta
capparis spinosa,Capparis orientalis | Capparis sicula | Capparis spinosa
arenaria serpyllifolia,Arenaria leptoclados | Arenaria marschlinsii | Arenaria serpyllifolia
cerastium fontanum,Cerastium fontanum | Cerastium holosteoides | Cerastium lucorum
cerastium pentandrum,Cerastium diffusum | Cerastium pentandrum
cerastium pumilum,Cerastium diffusum | Cerastium glutinosum | Cerastium pumilum
corrigiola litoralis,Corrigiola litoralis | Corrigiola telephiifolia
dianthus siculus,Dianthus cyathophorus | Dianthus morisianus | Dianthus mossanus | Dianthus oliastrae | Dianthus siculus
dianthus sylvestris,Dianthus siculus | Dianthus sylvestris | Dianthus tarentinus | Dianthus virgineus
dianthus virgineus,Dianthus sylvestris | Dianthus virgineus
herniaria hirsuta,Herniaria cinerea | Herniaria hirsuta
holosteum umbellatum,Holosteum glutinosum | Holosteum umbellatum
mcneillia graminifolia,Mcneillia graminifolia | Mcneillia rosanoi
moehringia trinervia,Moehringia pentandra | Moehringia trinervia
sagina apetala,Sagina apetala | Sagina micropetala
scleranthus annuus,Scleranthus aetnensis | Scleranthus annuus | Scleranthus polycarpos | Scleranthus verticillatus
scleranthus polycarpos,Scleranthus polycarpos | Scleranthus verticillatus
silene colorata,Silene canescens | Silene colorata | Silene morisiana
silene conica,Silene conica | Silene subconica
silene italica,Silene italica | Silene nemoralis
silene nocturna,Silene neglecta | Silene nocturna
spergularia media,Spergularia media | Spergularia tunetana
stellaria media,Stellaria media | Stellaria neglecta
stellaria palustris,Callitriche palustris | Callitriche platycarpa | Stellaria palustris
tuberaria guttata,Tuberaria guttata | Tuberaria praecox
colchicum autumnale,Colchicum autumnale | Colchicum cilicicum | Colchicum neapolitanum
convolvulus althaeoides,Convolvulus althaeoides | Convolvulus elegantissimus
cuscuta scandens,Cuscuta cesattiana | Cuscuta scandens
ipomoea indica,Ipomoea batatas | Ipomoea indica
sedum gypsicola,Sedum album | Sedum gypsicola
bryonia dioica,Bryonia dioica | Bryonia marmorata
citrullus colocynthis,Citrullus colocynthis | Citrullus lanatus
cucurbita pepo,Cucurbita melopepo | Cucurbita moschata | Cucurbita pepo
juniperus communis,Juniperus communis | Juniperus macrocarpa
juniperus oxycedrus,Juniperus communis | Juniperus deltoides | Juniperus macrocarpa | Juniperus oxycedrus
juniperus phoenicea,Juniperus phoenicea | Juniperus turbinata
bolboschoenus maritimus,Bolboschoenus maritimus | Bolboschoenus planiculmis
carex divulsa,Carex divulsa | Carex leersii
carex muricata,Carex divulsa | Carex muricata | Carex pairae
carex riparia,Carex acutiformis | Carex riparia
cyperus laevigatus,Cyperus distachyos | Cyperus laevigatus
cyperus longus,Cyperus badius | Cyperus longus
schoenoplectus lacustris,Schoenoplectus lacustris | Schoenoplectus tabernaemontani
scirpus sylvaticus,Scirpus atrovirens | Scirpus sylvaticus
cystopteris fragilis,Cystopteris alpina | Cystopteris diaphana | Cystopteris fragilis
cytinus hypocistis,Cytinus hypocistis | Cytinus ruber
dipsacus fullonum,Dipsacus fullonum | Dipsacus laciniatus
dryopteris filix-mas,Dryopteris borreri | Dryopteris filix-mas
dryopteris villarii,Dryopteris mindshelkensis | Dryopteris pallida | Dryopteris villarii
elatine hydropiper,Elatine gussonei | Elatine hydropiper
euphorbia amygdaloides,Euphorbia amygdaloides | Euphorbia meuselii | Euphorbia semiperfoliata
euphorbia bivonae,Euphorbia bivonae | Euphorbia papillaris
euphorbia epithymoides,Euphorbia epithymoides | Euphorbia gasparrinii | Euphorbia verrucosa
euphorbia hypericifolia,Euphorbia hypericifolia | Euphorbia indica | Euphorbia nutans
anthyllis vulneraria,Anthyllis albiflora | Anthyllis vulneraria
astragalus siculus,Astragalus nebrodensis | Astragalus siculus
colutea arborescens,Colutea arborescens | Colutea brevialata
lotus cytisoides,Lotus creticus | Lotus cytisoides
medicago intertexta,Medicago ciliaris | Medicago intertexta
medicago polymorpha,Medicago laciniata | Medicago minima | Medicago orbicularis | Medicago polymorpha
medicago sativa,Medicago falcata | Medicago glutinosa | Medicago sativa | Medicago ×varia
ononis reclinata,Ononis dentata | Ononis reclinata
ononis spinosa,Ononis masquillierii | Ononis spinosa
ononis viscosa,Ononis sieberi | Ononis viscosa
trifolium angustifolium,Trifolium angustifolium | Trifolium infamia-ponertii
trifolium bocconei,Trifolium bocconei | Trifolium tenuifolium
trifolium resupinatum,Trifolium clusii | Trifolium resupinatum
trifolium scabrum,Trifolium dalmaticum | Trifolium lucanicum | Trifolium scabrum
vicia cracca,Vicia cracca | Vicia incana
vicia lens,Vicia lens | Vicia lentoides
vicia narbonensis,Vicia narbonensis | Vicia serratifolia
vicia sativa,Vicia amphicarpa | Vicia angustifolia | Vicia cordata | Vicia incisa | Vicia macrocarpa | Vicia sativa | Vicia segetalis
vicia tenuifolia,Vicia dalmatica | Vicia tenuifolia
vicia villosa,Vicia dasycarpa | Vicia eriocarpa | Vicia microphylla | Vicia pseudocracca | Vicia villosa
wisteria sinensis,Wisteria floribunda | Wisteria sinensis
quercus robur,Quercus petraea | Quercus robur
blackstonia perfoliata,Blackstonia acuminata | Blackstonia grandiflora | Blackstonia imperfoliata | Blackstonia perfoliata
centaurium erythraea,Centaurium erythraea | Centaurium grandiflorum
geranium robertianum,Geranium purpureum | Geranium robertianum
hypericum tetrapterum,Hypericum corsicum | Hypericum tetrapterum
crocus vernus,Crocus neapolitanus | Crocus siculus | Crocus tommasinianus | Crocus vernus
freesia refracta,Freesia leichtlinii | Freesia refracta
gladiolus communis,Gladiolus byzantinus | Gladiolus communis
iris germanica,Iris calabra | Iris florentina | Iris germanica | Iris pallida | Iris relicta
iris pallida,Iris cengialti | Iris germanica | Iris pallida
romulea columnae,Romulea columnae | Romulea rollii
juncus bufonius,Juncus bufonius | Juncus minutulus
luzula campestris,Luzula calabra | Luzula campestris
luzula multiflora,Luzula calabra | Luzula congesta | Luzula multiflora
clinopodium nepeta,Clinopodium menthifolium | Clinopodium nepeta
glechoma hederacea,Glechoma hederacea | Glechoma hirsuta | Glechoma sardoa
lamium purpureum,Lamium hybridum | Lamium purpureum
mentha spicata,Mentha longifolia | Mentha microphylla | Mentha spicata
micromeria graeca,Micromeria consentina | Micromeria graeca
salvia verbenaca,Salvia clandestina | Salvia verbenaca
stachys cretica,Stachys cretica | Stachys germanica
stachys germanica,Stachys germanica | Stachys italica
teucrium polium,Teucrium capitatum | Teucrium luteum | Teucrium polium
teucrium scorodonia,Teucrium scorodonia | Teucrium siculum
thymus longicaulis,Thymus longicaulis | Thymus moesiacus
thymus striatus,Thymus spinulosus | Thymus striatus
tulipa sylvestris,Tulipa pumila | Tulipa sylvestris
linum alpinum,Linum alpinum | Linum tommasinii
linum austriacum,Linum austriacum | Linum tommasinii
linum strictum,Linum corymbulosum | Linum strictum
montia fontana,Montia arvensis | Montia fontana | Montia hallii | Montia variabilis
eucalyptus occidentalis,Eucalyptus astringens | Eucalyptus occidentalis
boerhavia repens,Boerhavia coccinea | Boerhavia repens
oenothera suaveolens,Oenothera glazioviana | Oenothera latipetala | Oenothera suaveolens
botrychium lunaria,Botrychium lunaria | Botrychium matricariifolium
anacamptis morio,Anacamptis longicornu | Anacamptis morio
dactylorhiza romana,Dactylorhiza insularis | Dactylorhiza romana
dactylorhiza sambucina,Dactylorhiza insularis | Dactylorhiza romana | Dactylorhiza sambucina
epipactis helleborine,Epipactis aspromontana | Epipactis distans | Epipactis helleborine | Epipactis schubertiorum
limodorum abortivum,Limodorum abortivum | Limodorum trabutianum
ophrys candica,Ophrys calliantha | Ophrys candica
ophrys exaltata,Ophrys crabronifera | Ophrys exaltata
ophrys holosericea,Ophrys annae | Ophrys apulica | Ophrys biancae | Ophrys biscutella | Ophrys chestermanii | Ophrys cinnabarina | Ophrys gracilis | Ophrys holosericea | Ophrys oxyrrhynchos | Ophrys parvimaculata | Ophrys pseudoscolopax | Ophrys tetraloniae | Ophrys untchjii
ophrys incubacea,Ophrys brutia | Ophrys incubacea
ophrys iricolor,Ophrys iricolor | Ophrys lojaconoi
ophrys lutea,Ophrys corsica | Ophrys laurensis | Ophrys lutea | Ophrys sicula
ophrys oxyrrhynchos,Ophrys biancae | Ophrys calliantha | Ophrys oxyrrhynchos
ophrys scolopax,Ophrys conradiae | Ophrys santonica | Ophrys scolopax
ophrys sphegodes,Ophrys argentaria | Ophrys classica | Ophrys exaltata | Ophrys litigiosa | Ophrys massiliensis | Ophrys panormitana | Ophrys passionis | Ophrys provincialis | Ophrys sipontensis | Ophrys sphegodes | Ophrys tarquinia
orchis provincialis,Orchis pauciflora | Orchis provincialis
serapias vomeracea,Serapias bergonii | Serapias orientalis | Serapias vomeracea
orobanche rapum-genistae,Orobanche rapum-genistae | Orobanche rigens
oxalis corniculata,Oxalis corniculata | Oxalis dillenii | Oxalis stricta
oxalis purpurata,Oxalis bowiei | Oxalis purpurata
paeonia mascula,Paeonia coriacea | Paeonia mascula
paeonia officinalis,Paeonia mascula | Paeonia officinalis
corydalis solida,Corydalis densiflora | Corydalis solida
papaver dubium,Papaver dubium | Papaver lecoqii
papaver somniferum,Papaver setigerum | Papaver somniferum
abies alba,Abies alba | Abies cephalonica | Abies nebrodensis
cedrus libani,Cedrus atlantica | Cedrus deodara | Cedrus libani
antirrhinum majus,Antirrhinum majus | Antirrhinum siculum | Antirrhinum tortuosum
callitriche palustris,Callitriche palustris | Callitriche platycarpa | Callitriche stagnalis
callitriche stagnalis,Callitriche platycarpa | Callitriche stagnalis
cymbalaria muralis,Cymbalaria muralis | Cymbalaria pubescens
linaria vulgaris,Linaria angustissima | Linaria vulgaris
plantago coronopus,Plantago coronopus | Plantago cupanii | Plantago humilis | Plantago weldenii
plantago humilis,Plantago humilis | Plantago subulata
plantago macrorhiza,Plantago humilis | Plantago macrorhiza
veronica hederifolia,Veronica hederifolia | Veronica sublobata | Veronica triloba
platanus orientalis,Platanus hispanica | Platanus orientalis
armeria canescens,Armeria canescens | Armeria gracilis | Armeria nebrodensis
armeria morisii,Armeria gussonei | Armeria macropoda | Armeria morisii
limonium sinuatum,Limonium bonduellei | Limonium sinuatum
limonium tenuiculum,Limonium hermaeum | Limonium tenuiculum
limonium virgatum,Limonium dubium | Limonium retirameum | Limonium virgatum
aira caryophyllea,Aira caryophyllea | Aira elegans | Aira multiculmis
anthoxanthum odoratum,Anthoxanthum nipponicum | Anthoxanthum odoratum | Anthoxanthum ovatum
arundo donax,Arundo donax | Arundo plinii
avena barbata,Avena atherantha | Avena barbata | Avena castellana | Avena hirtula | Avena lusitanica | Avena wiestii
avena fatua,Avena fatua | Avena ludoviciana | Avena sativa | Avena sterilis
avena sativa,Avena fatua | Avena ludoviciana | Avena sativa | Avena sterilis | Avena strigosa
avena sterilis,Avena atherantha | Avena ludoviciana | Avena sativa | Avena sterilis
avena strigosa,Avena atherantha | Avena strigosa
brachypodium pinnatum,Brachypodium pinnatum | Brachypodium rupestre
brachypodium sylvaticum,Brachypodium glaucovirens | Brachypodium sylvaticum
bromopsis erecta,Bromopsis erecta | Bromopsis stenophylla | Bromopsis transylvanica
bromus hordeaceus,Bromus hordeaceus | Bromus lepidus
bromus intermedius,Bromus hordeaceus | Bromus intermedius
bromus secalinus,Bromus commutatus | Bromus secalinus
catapodium rigidum,Catapodium hemipoa | Catapodium rigidum
digitaria sanguinalis,Digitaria ciliaris | Digitaria sanguinalis
echinochloa crus-galli,Echinochloa colona | Echinochloa crus-galli | Echinochloa crus-pavonis | Echinochloa muricata | Echinochloa oryzicola
echinochloa muricata,Echinochloa crus-galli | Echinochloa muricata
eleusine indica,Eleusine coracana | Eleusine indica | Eleusine tristachya
eragrostis capillaris,Eragrostis capillaris | Eragrostis frankii
eragrostis pilosa,Eragrostis capillaris | Eragrostis lugens | Eragrostis pilosa
festuca rubra,Festuca nigricans | Festuca rubra | Festuca trichophylla | Festuca violacea
glyceria fluitans,Glyceria fluitans | Glyceria notata
glyceria maxima,Glyceria grandis | Glyceria maxima
holcus lanatus,Holcus lanatus | Holcus notarisii
hordeum marinum,Hordeum geniculatum | Hordeum marinum
lolium interruptum,Lolium arundinaceum | Lolium interruptum
lolium perenne,Lolium perenne | Lolium remotum
lolium pratense,Lolium apenninum | Lolium pratense
lolium temulentum,Lolium remotum | Lolium temulentum
paspalum distichum,Paspalum distichum | Paspalum paucispicatum | Paspalum vaginatum
phleum pratense,Phleum nodosum | Phleum pratense
phyllostachys reticulata,Phyllostachys aurea | Phyllostachys reticulata | Phyllostachys sulphurea
poa alpina,Poa alpina | Poa bivonae
poa bulbosa,Poa bulbosa | Poa perligularis
poa nemoralis,Poa balbisii | Poa glauca | Poa nemoralis
poa pratensis,Poa angustifolia | Poa pratensis
poa trivialis,Poa sylvicola | Poa trivialis
polypogon maritimus,Polypogon maritimus | Polypogon subspathaceus
sesleria nitida,Sesleria italica | Sesleria nitida | Sesleria pichiana | Sesleria pulchella
setaria verticillata,Setaria adhaerens | Setaria verticillata
sorghum halepense,Sorghum bicolor | Sorghum halepense
stipa pennata,Stipa austroitalica | Stipa oligotricha | Stipa pennata
taeniatherum caput-medusae,Taeniatherum asperum | Taeniatherum caput-medusae
triticum aestivum,Triticum aestivum | Triticum monococcum | Triticum turgidum
polygonum aviculare,Polygonum aviculare | Polygonum rurivagum
rumex acetosa,Rumex acetosa | Rumex rugosus | Rumex thyrsiflorus
rumex cristatus,Rumex cristatus | Rumex kerneri
polypodium vulgare,Polypodium cambricum | Polypodium vulgare
zannichellia palustris,Zannichellia palustris | Zannichellia pedunculata
lysimachia arvensis,Lysimachia arvensis | Lysimachia loeflingii | Lysimachia talaverae
pteris cretica,Pteris cretica | Pteris nipponica
anemone apennina,Anemone apennina | Anemone blanda
anemone hortensis,Anemone hortensis | Anemone pavonina
aquilegia vulgaris,Aquilegia champagnatii | Aquilegia dumeticola | Aquilegia magellensis | Aquilegia sicula | Aquilegia vulgaris
helleborus odorus,Helleborus odorus | Helleborus viridis
ranunculus bulbosus,Ranunculus bulbosus | Ranunculus neapolitanus
ranunculus peltatus,Ranunculus baudotii | Ranunculus peltatus
ranunculus sardous,Ranunculus cordiger | Ranunculus sardous
ranunculus spicatus,Ranunculus monspeliacus | Ranunculus spicatus
cotoneaster integerrimus,Cotoneaster integerrimus | Cotoneaster nebrodensis
malus sylvestris,Malus domestica | Malus sylvestris
potentilla inclinata,Potentilla inclinata | Potentilla johanniniana
prunus domestica,Prunus cerasifera | Prunus domestica
rosa corymbifera,Rosa corymbifera | Rosa deseglisei
sorbus aria,Sorbus aria | Sorbus flabellifolia | Sorbus graeca | Sorbus latifolia | Sorbus ×hostii
sorbus aucuparia,Sorbus aucuparia | Sorbus hybrida
galium aparine,Galium aparine | Galium spurium
galium lucidum,Galium aetnicum | Galium lucidum
salix alba,Salix alba | Salix ×fragilis | Salix ×pendulina
acer platanoides,Acer cappadocicum | Acer platanoides
koelreuteria bipinnata,Koelreuteria bipinnata | Koelreuteria paniculata
saxifraga granulata,Saxifraga corsica | Saxifraga granulata
scrophularia canina,Scrophularia canina | Scrophularia juratensis
verbascum blattaria,Verbascum blattaria | Verbascum virgatum
tamarix gallica,Tamarix chinensis | Tamarix gallica | Tamarix nilotica
tamarix tetragyna,Tamarix meyeri | Tamarix tetragyna
sparganium erectum,Sparganium erectum | Sparganium microcarpum | Sparganium neglectum
phyla nodiflora,Phyla canescens | Phyla nodiflora
verbena bonariensis,Verbena bonariensis | Verbena incompta | Verbena rigida
viola bertolonii,Viola aethnensis | Viola bertolonii
viola calcarata,Viola aethnensis | Viola calcarata | Viola cassinensis | Viola eugeniae
parthenocissus quinquefolia,Parthenocissus inserta | Parthenocissus quinquefolia
vitis vinifera,Vitis labrusca | Vitis riparia | Vitis rupestris | Vitis vinifera | Vitis vulpina
acetosella violacea,Oxalis latifolia | Oxalis violacea
acinos arvensis,Ziziphora acinos | Ziziphora villosa
aegilops ovata,Triticum neglectum | Triticum ×requienii
agropyron junceum,Thinopyrum junceum | Thinopyrum obtusiflorum | Thinopyrum sartorii
ambrina ambrosioides,Dysphania ambrosioides | Dysphania anthelmintica
ampelopsis quinquefolia,Parthenocissus inserta | Parthenocissus quinquefolia
anagallis arvensis,Lysimachia arvensis | Lysimachia loeflingii | Lysimachia talaverae
andropogon contortus,Heteropogon allionii | Heteropogon contortus
andropogon sorghum,Sorghum bicolor | Sorghum halepense
anthemis clavata,Anacyclus clavatus | Anthemis arvensis
anthemis montana,Anthemis aetnensis | Anthemis cretica | Anthemis cupaniana
anthemis punctata,Anthemis cupaniana | Anthemis ismelia
anthemis tinctoria,Cota tinctoria | Cota triumfettii
apium nodiflorum,Helosciadium nodiflorum | Helosciadium repens
arachnites lutea,Ophrys lutea | Ophrys sicula
asperula cynanchica,Cynanchica aristata | Cynanchica gussonei | Cynanchica pyrenaica
aspidium falcatum,Cyrtomium falcatum | Cyrtomium fortunei
aspidium filix-mas,Dryopteris borreri | Dryopteris filix-mas
atriplex hastata,Atriplex micrantha | Atriplex prostrata
avena nuda,Avena sativa | Avena strigosa
betula alnus,Alnus glutinosa | Alnus incana
bromus diandrus,Anisantha diandra | Anisantha rigida
bryonia cretica,Bryonia acuta | Bryonia dioica | Bryonia marmorata
cactus elongatus,Mammillaria elongata | Opuntia ficus-indica
cactus opuntia,Opuntia ficus-indica | Opuntia monacantha | Opuntia tuna
cactus tuna,Opuntia elatior | Opuntia tuna
calamintha alpina,Ziziphora granatensis | Ziziphora sardoa
calamintha glandulosa,Clinopodium canescens | Clinopodium nepeta
calamintha nepeta,Clinopodium canescens | Clinopodium menthifolium | Clinopodium nepeta
callitriche aquatica,Callitriche hermaphroditica | Callitriche palustris | Callitriche platycarpa
calystegia sepium,Convolvulus dubius | Convolvulus sepium
capparis ovata,Capparis orientalis | Capparis sicula
carex gracilis,Carex acuta | Carex acutiformis
carex viridula,Carex demissa | Carex oederi
caucalis pumila,Daucus pumilus | Torilis leptophylla
cedrus libanitica,Cedrus atlantica | Cedrus libani
cedrus libanotica,Cedrus atlantica | Cedrus libani
cenchrus pauciflorus,Cenchrus incertus | Cenchrus longispinus
centaurea alba,Centaurea deusta | Centaurea diomedea | Centaurea tenoreana
centaurea dissecta,Centaurea ambigua | Centaurea gussonei | Centaurea ilvensis | Centaurea lacaitae | Centaurea montaltensis | Centaurea parlatoris | Centaurea scannensis | Centaurea tenorei
centaurea pratensis,Centaurea decipiens | Centaurea jacea | Centaurea nigrescens
centaurea ucriae,Centaurea panormitana | Centaurea todaroi | Centaurea tyrrhena
cheilanthes pteridioides,Oeosporangium acrosticum | Oeosporangium guanchicum | Oeosporangium pteridioides | Oeosporangium tinaei
chenopodium ambrosioides,Dysphania ambrosioides | Dysphania anthelmintica
cineraria bicolor,Jacobaea ambigua | Jacobaea maritima
cirsium eriophorum,Lophiolepis eriophora | Lophiolepis lobelii | Lophiolepis morisiana | Lophiolepis spathulata | Lophiolepis tenoreana | Lophiolepis vallis-demonii
clinopodium acinos,Ziziphora acinos | Ziziphora villosa
clinopodium alpinum,Ziziphora granatensis | Ziziphora sardoa
conyza bonariensis,Erigeron bonariensis | Erigeron floribundus | Erigeron sumatrensis
conyza floribunda,Erigeron floribundus | Erigeron sumatrensis
conyza sumatrensis,Erigeron floribundus | Erigeron sumatrensis
cuscuta australis,Cuscuta cesattiana | Cuscuta scandens
dactylorhiza latifolia,Dactylorhiza majalis | Dactylorhiza sambucina
desmazeria rigida,Catapodium hemipoa | Catapodium rigidum
dianthus caryophyllus,Dianthus gasparrinii | Dianthus virgatus | Dianthus virgineus
dryopteris affinis,Dryopteris borreri | Dryopteris pseudomas
echinochloa phyllopogon,Echinochloa crus-galli | Echinochloa oryzicola
echinochloa pungens,Echinochloa crus-galli | Echinochloa muricata
elaeoselinum asclepium,Thapsia asclepium | Thapsia meoides
elymus elongatus,Thinopyrum elongatum | Thinopyrum obtusiflorum
elytrigia elongata,Thinopyrum elongatum | Thinopyrum obtusiflorum
erigeron crispus,Erigeron bonariensis | Erigeron sumatrensis
erythraea centaurium,Centaurium erythraea | Centaurium grandiflorum
euphrasia viscosa,Bellardia viscosa | Odontites viscosus
evax pygmaea,Filago asterisciflora | Filago pygmaea
festuca arundinacea,Lolium arundinaceum | Lolium interruptum | Lolium mediterraneum
festuca pratensis,Lolium apenninum | Lolium pratense
foeniculum vulgare,Anethum foeniculum | Anethum piperitum
fumaria bulbosa,Corydalis intermedia | Corydalis solida
glyceria aquatica,Glyceria grandis | Glyceria maxima
hedysarum spinosissimum,Sulla capitata | Sulla spinosissima
helichrysum rupestre,Helichrysum errerae | Helichrysum pendulum
helichrysum siculum,Helichrysum italicum | Helichrysum stoechas
helleborus multifidus,Helleborus odorus | Helleborus viridis
hieracium florentinum,Pilosella pavichii | Pilosella piloselloides
hieracium hoppeanum,Pilosella hoppeana | Pilosella testimonialis
hieracium macranthum,Pilosella hoppeana | Pilosella testimonialis
hieracium pilosella,Pilosella hoppeana | Pilosella longisquama | Pilosella macristolona | Pilosella officinarum | Pilosella peleteriana | Pilosella pseudopilosella | Pilosella saussureoides | Pilosella velutina
hieracium praealtum,Pilosella bauhini | Pilosella piloselloides
hieracium sylvaticum,Hieracium bifidum | Hieracium murorum | Hieracium tenuiflorum | Pilosella portae
hordelymus caput-medusae,Taeniatherum asperum | Taeniatherum caput-medusae
hymenolobus procumbens,Hornungia pauciflora | Hornungia procumbens
hypericum quadrangulum,Hypericum corsicum | Hypericum tetrapterum
ipomoea punctata,Ipomoea indica | Ipomoea purpurea
iris unguicularis,Siphonostylis cretensis | Siphonostylis unguicularis
isatis alpina,Isatis apennina | Isatis tinctoria
isoetes velata,Isoetes longissima | Isoetes tiguliana
juncellus laevigatus,Cyperus distachyos | Cyperus laevigatus
knautia purpurea,Knautia calycina | Knautia collina
koeleria cristata,Koeleria macrantha | Koeleria splendens | Rostraria cristata
lavatera triloba,Malva flava | Malva lusitanica
lens culinaris,Vicia lens | Vicia lentoides
leontodon hastilis,Leontodon hispidus | Leontodon siculus
leontodon proteiformis,Leontodon hispidus | Leontodon siculus
limonium oleifolium,Limonium algusae | Limonium opulentum | Limonium retirameum | Limonium virgatum
lippia nodiflora,Phyla canescens | Phyla nodiflora
marsea bonariensis,Erigeron bonariensis | Erigeron floribundus
medicago italica,Medicago tornata | Trigonella italica
medicago polymorfa,Medicago arabica | Medicago ciliaris | Medicago coronata | Medicago intertexta | Medicago rigidula | Medicago scutellata | Medicago tornata | Medicago turbinata
milium coerulescens,Piptatherum coerulescens | Piptatherum holciforme
minuartia graminifolia,Mcneillia graminifolia | Mcneillia rosanoi
minuartia verna,Sabulina attica | Sabulina glaucina | Sabulina verna
onosma cinerea,Onosma echioides | Onosma stellulata
onosma taurica,Onosma echioides | Onosma pseudoarenaria
ophrys fuciflora,Ophrys annae | Ophrys apulica | Ophrys biancae | Ophrys biscutella | Ophrys candica | Ophrys chestermanii | Ophrys crabronifera | Ophrys gracilis | Ophrys holosericea | Ophrys oxyrrhynchos | Ophrys parvimaculata | Ophrys untchjii
ophrys fusca,Ophrys caesiella | Ophrys calocaerina | Ophrys delforgei | Ophrys funerea | Ophrys lucana | Ophrys lucifera | Ophrys marmorata | Ophrys obaesa | Ophrys ortuabis
ophrys garganica,Ophrys passionis | Ophrys sipontensis
ophrys subfusca,Ophrys archimedea | Ophrys flammeola | Ophrys laurensis | Ophrys lepida
opuntia compressa,Opuntia ficus-indica | Opuntia humifusa | Opuntia macrorhiza
opuntia vulgaris,Opuntia ficus-indica | Opuntia humifusa | Opuntia monacantha
orchis laxiflora,Anacamptis laxiflora | Anacamptis palustris
orchis romana,Dactylorhiza insularis | Dactylorhiza romana
orchis sambucina,Dactylorhiza insularis | Dactylorhiza sambucina
orchis sulphurea,Dactylorhiza romana | Orchis pallens
orobanche loricata,Orobanche artemisiae-campestris | Orobanche balsensis
orobanche ramosa,Phelipanche mutelii | Phelipanche nana | Phelipanche ramosa
oryzopsis miliacea,Oloptum miliaceum | Oloptum thomasii
panicum crus-galli,Echinochloa colona | Echinochloa crus-galli
papaver hybridum,Roemeria apula | Roemeria hispida
pharbitis hispida,Ipomoea indica | Ipomoea purpurea
pharbitis nil,Ipomoea nil | Ipomoea purpurea
phyllostachys bambusoides,Phyllostachys aurea | Phyllostachys reticulata
pinus laricio,Pinus nigra | Pinus pinaster
piptatherum miliaceum,Oloptum miliaceum | Oloptum thomasii
polystichum falcatum,Cyrtomium falcatum | Cyrtomium fortunei
pyrus aria,Sorbus aria | Sorbus hybrida | Sorbus latifolia
rubus fruticosus,Rubus cupanianus | Rubus plicatus
sanguisorba minor,Poterium rupiculum | Poterium sanguisorba | Poterium verrucosum
satureja graeca,Micromeria consentina | Micromeria graeca
schedonorus arundinaceus,Lolium arundinaceum | Lolium interruptum | Lolium mediterraneum
schedonorus interruptus,Lolium arundinaceum | Lolium interruptum
schedonorus pratensis,Lolium apenninum | Lolium pluriflorum | Lolium pratense
scilla peruviana,Oncostema peruvianum | Oncostema siculum | Oncostema ughii
scirpus lacustris,Schoenoplectus lacustris | Schoenoplectus tabernaemontani
scorzonera hirsuta,Gelasia hirsuta | Gelasia villosa
scorzonera villosa,Gelasia callosa | Gelasia villosa
sedum ochroleucum,Petrosedum montanum | Petrosedum ochroleucum
senecio ambiguus,Jacobaea ambigua | Jacobaea maritima
senecio aquaticus,Jacobaea aquatica | Jacobaea erratica
senecio bicolor,Jacobaea ambigua | Jacobaea maritima
senecio chrysanthemifolius,Senecio aethnensis | Senecio siculus
senecio cineraria,Jacobaea ambigua | Jacobaea maritima
senecio crassifolius,Senecio leucanthemifolius | Senecio transiens
senecio erucifolius,Jacobaea erucifolia | Jacobaea lycopifolia
senecio gibbosus,Jacobaea ambigua | Jacobaea maritima
senecio jacobaea,Jacobaea erratica | Jacobaea vulgaris
senecio nebrodensis,Senecio balansae | Senecio calabrus | Senecio rupestris | Senecio sardous
setaria glauca,Cenchrus americanus | Setaria pumila
sideritis romana,Stachys romana | Stachys talbotii
silene rubella,Silene diversifolia | Silene turbinata
solanum sodomeum,Solanum aethiopicum | Solanum linnaeanum
sonchus vulgaris,Sonchus arvensis | Sonchus maritimus
sorghum saccharatum,Sorghum bicolor | Sorghum halepense
spergularia maritima,Spergularia media | Spergularia tunetana
statice dictyoclada,Limonium dubium | Limonium retirameum
taraxacum officinale,Taraxacum aquilonare | Taraxacum cucullatum | Taraxacum handelii | Taraxacum obovatum | Taraxacum pacheri | Taraxacum perincisum | Taraxacum petiolulatum | Taraxacum reichenbachii | Taraxacum schroeterianum
thlaspi perfoliatum,Ihsanalshehbazia granatensis | Microthlaspi perfoliatum
thymus acicularis,Thymus spinulosus | Thymus striatus
thymus polytrichus,Thymus praecox | Thymus vallicola
thymus serpyllum,Thymus picentinus | Thymus praecox | Thymus pulegioides | Thymus richardii
thymus trachselianus,Thymus praecox | Thymus vallicola
trifolium maritimum,Trifolium cinctum | Trifolium squamosum
triglochin bulbosa,Triglochin barrelieri | Triglochin laxiflora
triticum sativum,Triticum aestivum | Triticum monococcum | Triticum turgidum
triticum spelta,Triticum aestivum | Triticum turgidum
triticum vulgare,Hordeum vulgare | Triticum aestivum | Triticum turgidum
urginea maritima,Squilla maritima | Squilla numidica | Squilla pancration
vicia varia,Vicia dasycarpa | Vicia eriocarpa
viola heterophylla,Viola aethnensis | Viola bertolonii | Viola ilvensis
vulneraria heterophylla,Anthyllis albiflora | Anthyllis vulneraria
